단어,개수,Label
가격,1,
가상자산,1,
가이드라인에,1,
"""간편",4,
"""간편결제",1,
"""감산",2,
"""감소폭은",1,
"""개별",6,
"""개별주",1,
"""개선하기",1,
"""거래",1,
"""격변하는",1,
"""결과적으로",1,
"""결국",2,
"""결론적으로",1,
"""공모가격",1,
"""공모금액",1,
"""공모펀드는",1,
"""과거에는",1,
"""국내외",4,
"""국내주식",1,
"""국내증시는",1,
"""금융",3,
"""금융감독원",2,
"""금융권은",2,
"""금융시장의",1,
"""금융위·금감원·거래소는",1,
"""긍정적인",1,
"""까다로운",1,
"""낙폭",1,
"""낮은",2,
"""내부조사",1,
"""데이터",1,
"""따라서",2,
"""런던증권거래소",3,
"""매력적인",1,
"""목표주가",1,
"""목표주가는",1,
"""문제의",1,
"""물가",1,
"""물량과",1,
"""보통",1,
"""보통주",1,
"""불건전영업",1,
"""불법을",1,
"""불완전판매",1,
"""불이익을",4,
"""불쾌한",1,
"""비상장",2,
"""비상장기업",1,
"""비상장사를",1,
"""비상장증권",1,
"""비수기인",1,
"""비싼",2,
"""빅데이터,",6,
"""빅데이터·인공지능·토큰",1,
"""사실관계",1,
"""사업속도가",1,
"""상반기",5,
"""상반기보다",1,
"""상반기에만",1,
"""상장",5,
"""상장을",1,
"""새로운",7,
"""새롭게",3,
"""성공적인",1,
"""성과",2,
"""소비경기",1,
"""소비자",2,
"""소중한",2,
"""송금이나",1,
"""수급적으로",1,
"""수요예측과",1,
"""수요예측이나",1,
"""수익성",1,
"""수출",1,
"""시세조종에",1,
"""시세조종으로",1,
"""시장",4,
"""시장감시와",1,
"""신종자본증권의",1,
"""안정적인",6,
"""양호한",2,
"""역전세가",2,
"""역전세를",2,
"""영업이익",2,
"""영업이익도",1,
"""영업이익률은",1,
"""영업이익은",1,
"""예금보험공사와",1,
"""오염수",1,
"""외국인",8,
"""외부",1,
"""우량기업임에도",1,
"""원활한",3,
"""위안화",1,
"""위축된",7,
"""위탁계좌(주식계좌)가",1,
"""위험등급",2,
"""위험등급이",1,
"""유동성",1,
"""유동성이",3,
"""의욕적인",1,
"""이차전지",2,
"""인공지능(AI)",5,
"""일평균",1,
"""자발적",5,
"""자본력을",1,
"""자본시장",3,
"""잠재적인",1,
"""장외주식시장",1,
"""전년도",1,
"""전년의",1,
"""전방",1,
"""주가순자산비율(PBR)",1,
"""주가조작",1,
"""주당",1,
"""주문자위탁생산(OEM)",1,
"""주식",3,
"""주식거래",1,
"""주식매매",1,
"""주식보상",1,
"""주주가치",1,
"""중소기업들이",2,
"""증권",1,
"""증권사",12,
"""증권사들은",4,
"""증권사들이",2,
"""증권사마다",3,
"""증권사와",1,
"""증권사의",3,
"""증권신고서",1,
"""증권업",3,
"""증권은",1,
"""증시",2,
"""증자에",3,
"""지분가치",1,
"""지표금리",1,
"""집단소송",2,
"""집단소송법에서",1,
"""차별화한",1,
"""최대주주가",1,
"""충분한",1,
"""투자심리",1,
"""한국은행도",1,
"""한국은행은",1,
"""한국증권금융",1,
"""한국투자증권에서",1,
"""한국투자캐피탈의",1,
"""환율",1,
"""희망하는",2,
‘금리·수수료,1,
‘금융,2,
‘금융산업의,1,
‘기업금융,1,
‘꼼수,1,
‘매도,3,
‘매수,6,
‘무혐의’,1,
‘불공정거래와,1,
‘불법,1,
"‘비효율,",1,
‘성과,1,
‘손실,1,
‘순이익,1,
‘자산,2,
‘주가,1,
‘주식,5,
‘중립’을,1,
‘증권사,1,
‘지속가능한,1,
“간편,2,
“간편한,1,
"“고금리·고물가,",1,
“고도화되는,1,
“공공기관과,1,
“과도한,1,
“구체적인,5,
“그동안,3,
“그래서,1,
“그러나,1,
“그런데,1,
“그럼에도,1,
“금감원,1,
“금리,4,
“금융,6,
“금융당국과,1,
“금융당국은,3,
“금융사,1,
“금융소득종합과세,1,
“금융투자,1,
“금융투자업,1,
“금융투자회사,2,
“금융환경,3,
“기대하는,1,
“기업,2,
“기업가치,1,
“기업의,2,
“기준금리,1,
“높은,3,
“다행히도,1,
“리스크,2,
“매각,1,
“매도,1,
“매력적인,1,
“매매기준율의,1,
“매물로,1,
“보고서,1,
“보통,1,
“불이익을,3,
“불황과,1,
“비상장기업,2,
“비상장주식,1,
“비상장증권,1,
“선진국은,1,
“성과,1,
“성과보수,1,
“소비심리에,1,
“소비자보호,1,
“소비자심리지수는,1,
“소중한,1,
“수요와,1,
“수요측,1,
“수출,1,
“수출전망,1,
“안정적인,2,
“업계,1,
“업종별,1,
“원활한,1,
“위탁계좌(주식계좌)가,1,
“자원순환,2,
“증권·보험사,1,
“증권사,8,
“증권업,1,
“지표금리,1,
“초과저축이,1,
“초저위험,1,
“최악의,1,
“탄탄한,1,
“하지만,2,
“합병,2,
“허위사실,2,
가감,1,
"가감조정금리,",1,
가감해,1,
가격변동성이,2,
가격변동에,4,
가격상승,1,
가격조정(리픽싱),1,
가난하고,1,
가능성,20,
가능성↑증권가,1,
가능성을,73,
가능성이,178,
가능성이라는,1,
가능하다”며,1,
가능하다고,4,
가능하다는,13,
가능하도록,3,
가능해졌다.,1,
가능해졌다.문제는,1,
"가담,",2,
가담한,5,
가담해,2,
가산금리,1,
가상자산,36,
가상자산(암호화폐),2,
가상자산거래소,1,
가상화,2,
가속화,1,
가치가,6,
가치있는,1,
가치투자를,2,
"가치평가,",1,
가한다는,3,
가해자,1,
가해자인,1,
각광받는,2,
갈등,3,
갈등이,1,
갈리는,1,
감경받는다.,2,
감당,2,
감당하기,1,
감당하면서,1,
감사로,1,
감사를,6,
"감소,",5,
감소하면서,5,
감소했지만,2,
강도,2,
강도는,1,
강등으로,1,
강세,6,
강세가,7,
강하게,8,
강하고,2,
강하다.,1,
강한,8,
강해,1,
강해져,3,
강해지고,2,
강화,22,
개미들은,1,
개미들이,1,
개발,61,
"개발·공급,",1,
개발·생산,1,
개발·제작을,2,
"개발금융기관,",1,
개발된,1,
개발방식으로,1,
개발사,1,
개발사업으로,1,
개발이익의,1,
개발해,4,
개선,68,
개선·수출,1,
개선됐고,1,
개설,31,
개설과,1,
개설된,1,
개시한다고,1,
개인투자용,2,
개인투자자,4,
개인투자자들,10,
개인투자자들도,1,
개인투자자들에게,2,
개인투자자들은,3,
개장,7,
개정된,1,
개정됨에,1,
개최하고,1,
개편,15,
개편하면서,1,
거래수수료,8,
거래수수료를,1,
거래정지가,2,
거래정지되기,1,
거래축하,2,
거래축하지원금은,11,
거래축하지원금을,5,
거래활성화(환금성,1,
거리낌,1,
거부,19,
거부투자자,1,
거부해,1,
거절,1,
거절했다가는,1,
거짓,1,
거품,4,
거품이,1,
걷기,6,
걷기',7,
걷기’,1,
걷는,1,
걷어붙였다.,1,
걷지,1,
걸,10,
걸고,4,
걸그룹,2,
걸그룹과의,1,
걸그룹에,1,
걸까이익,1,
걸러졌다.,1,
걸러진,1,
걸려,2,
걸려요.,1,
걸렸는데,1,
격려하고,2,
견해다.,1,
결성하면서,1,
결성했다.,12,
결성했다.펀드의,1,
결성했다고,12,
결손기업,2,
경각심을,1,
경감,1,
"경감되고,",2,
경감시킴으로서,1,
경감이,2,
경감한다는,1,
경계,1,
경계감도,3,
경계감은,1,
경계감을,2,
경계감이,4,
경계를,1,
경계심이,1,
경계한다.,1,
경고가,1,
경고성,2,
경고하고,1,
경고했다.토스증권에서는,1,
경고했습니다.,1,
경기둔화,2,
경기침체,2,
경매,5,
경매로,1,
경신하고서,2,
경신한,2,
경신할,2,
경신했다.,1,
"경신했으나,",1,
경제성장률,1,
"계속되지만,",1,
계획이며,3,
계획입니다.,2,
,,
,,
,,
,,
,,
,,
,,
,,
,,
,,
,,
,,
,,
,,
,,
,,
,,
,,
,,
,,
,,
,,
,,
,,
,,
,,
,,
,,
,,
,,
,,
,,
,,
,,
,,
,,
,,
,,
,,
,,
,,
,,
,,
,,
,,
,,
,,
,,
,,
,,
,,
고도화·지능화되고,1,
,,
,,
,,
,,
,,
,,
,,
,,
,,
,,
,,
,,
,,
,,
,,
,,
,,
,,
,,
고려않고,1,
,,
,,
,,
,,
,,
,,
,,
,,
,,
,,
,,
,,
,,
,,
,,
,,
,,
,,
,,
,,
,,
,,
,,
,,
,,
,,
,,
,,
,,
,,
,,
,,
,,
,,
,,
,,
,,
,,
,,
,,
,,
,,
,,
,,
,,
,,
,,
,,
,,
,,
,,
,,
,,
,,
,,
,,
,,
,,
,,
,,
,,
,,
고성능,4,
고성장,3,
,,
,,
,,
,,
,,
,,
,,
,,
고소했다.,1,
,,
,,
,,
,,
,,
,,
,,
,,
,,
,,
,,
,,
,,
,,
,,
,,
,,
,,
,,
,,
,,
,,
,,
,,
,,
,,
,,
,,
,,
,,
,,
,,
,,
,,
,,
,,
,,
,,
,,
,,
,,
,,
,,
,,
,,
,,
,,
,,
,,
,,
,,
,,
,,
고위험·고수익,4,
,,
,,
,,
,,
,,
,,
,,
,,
,,
,,
,,
,,
,,
,,
,,
,,
,,
,,
,,
,,
,,
,,
,,
,,
,,
,,
,,
,,
,,
,,
,,
,,
,,
,,
,,
,,
,,
,,
,,
,,
고평가,8,
고평가였기,1,
,,
,,
,,
,,
,,
,,
,,
,,
,,
,,
,,
,,
,,
,,
,,
,,
곤두박질쳤다.,1,
곤두박질치고,1,
,,
곤두세웠다.,1,
,,
,,
,,
,,
,,
,,
,,
,,
,,
,,
,,
,,
,,
,,
,,
,,
,,
,,
,,
,,
,,
,,
,,
,,
,,
,,
,,
,,
,,
,,
,,
,,
,,
,,
,,
,,
,,
,,
,,
,,
,,
,,
,,
,,
,,
,,
,,
,,
,,
,,
,,
,,
,,
,,
,,
,,
,,
,,
,,
,,
,,
,,
,,
,,
,,
,,
,,
,,
,,
,,
,,
,,
,,
,,
,,
,,
,,
,,
,,
,,
,,
,,
,,
,,
,,
,,
,,
,,
,,
,,
,,
,,
,,
,,
,,
,,
,,
,,
,,
,,
,,
,,
,,
,,
,,
,,
,,
,,
,,
,,
,,
,,
,,
,,
,,
,,
,,
,,
,,
,,
,,
,,
,,
,,
,,
,,
,,
,,
,,
,,
,,
,,
,,
,,
,,
,,
,,
,,
,,
,,
,,
,,
,,
,,
,,
,,
,,
,,
,,
,,
,,
,,
,,
,,
,,
,,
,,
,,
,,
,,
,,
,,
,,
,,
,,
,,
,,
,,
,,
,,
,,
,,
,,
,,
,,
,,
,,
,,
,,
,,
,,
,,
,,
,,
,,
,,
,,
,,
,,
,,
,,
,,
,,
,,
,,
,,
,,
,,
,,
,,
,,
,,
,,
,,
,,
,,
,,
,,
,,
,,
,,
,,
,,
,,
,,
,,
,,
,,
,,
,,
,,
,,
,,
,,
,,
,,
,,
,,
,,
,,
,,
,,
,,
,,
,,
,,
,,
,,
,,
,,
,,
,,
,,
,,
,,
,,
,,
,,
,,
,,
,,
,,
,,
,,
,,
,,
,,
,,
,,
,,
,,
,,
,,
,,
,,
,,
,,
,,
,,
,,
,,
,,
,,
,,
,,
,,
,,
,,
,,
,,
,,
,,
,,
,,
,,
,,
,,
,,
,,
,,
,,
,,
,,
,,
,,
,,
,,
,,
,,
,,
,,
,,
,,
,,
,,
,,
,,
,,
,,
,,
,,
,,
,,
,,
,,
,,
,,
,,
,,
,,
,,
,,
,,
,,
,,
,,
,,
,,
,,
,,
,,
,,
,,
,,
,,
,,
,,
,,
,,
,,
,,
,,
,,
,,
,,
,,
,,
,,
,,
,,
공정거래위원회가,48,
,,
,,
,,
,,
,,
,,
공정위는,147,
,,
,,
,,
,,
,,
,,
,,
,,
,,
,,
,,
,,
,,
,,
,,
,,
,,
,,
,,
,,
,,
,,
,,
,,
,,
,,
,,
,,
,,
,,
,,
,,
,,
,,
,,
,,
,,
,,
,,
,,
,,
,,
,,
,,
,,
,,
,,
,,
,,
,,
,,
,,
,,
,,
,,
,,
,,
,,
,,
공표했다.ZHD는,1,
,,
,,
,,
,,
,,
,,
과감하게,1,
,,
과감히,2,
,,
,,
,,
,,
,,
,,
,,
,,
,,
,,
,,
과도한,22,
,,
과도했던,1,
과매도,1,
과매수,4,
,,
,,
,,
,,
"과소평가됐다""고",1,
,,
,,
,,
,,
,,
,,
과열,24,
,,
,,
,,
과열된,2,
,,
,,
,,
,,
과잉,1,
과잉반응하는,1,
과장,2,
,,
,,
,,
,,
,,
,,
,,
,,
,,
,,
,,
,,
,,
,,
,,
,,
,,
,,
,,
,,
,,
,,
,,
,,
,,
,,
,,
,,
,,
,,
,,
,,
과징금,3,
과징금·과태료,1,
,,
과태료,21,
,,
과태료·경고,1,
,,
,,
,,
,,
,,
,,
,,
,,
,,
,,
,,
,,
,,
,,
,,
,,
,,
,,
,,
,,
,,
,,
,,
,,
,,
,,
관계없는,1,
관계없이,2,
,,
,,
,,
,,
,,
,,
,,
,,
괴롭힘,1,
괴리가,2,
괴리도가,2,
굉장했다.,1,
굉장히,35,
교체했고,1,
구속기소된,2,
구속기소했다고,1,
구속되기,1,
구속된,1,
구속수감,1,
구속수사중인,1,
구속영장을,2,
구제하기,1,
구조조정,2,
구축하겠다.,1,
구축했다.,3,
구축했다는,1,
구하며,1,
구현으로,1,
구현했다.시큐레터는,1,
국내·외,9,
국내·해외,1,
국내·해외주식을,1,
국내주식,56,
국내증시,1,
규정,2,
규정됐다.,1,
규정만,1,
규정상,2,
규정에,2,
규정으로,1,
규정을,5,
규정이,3,
규정하고,10,
"규정하고,",6,
"규정하면서도,",1,
규정한,2,
규정한다.,9,
규제하고,2,
규제하기,1,
규제하는,2,
규제하려는,1,
규제하면,2,
규제하면서,1,
규제할,1,
규제해선,2,
규제해야,1,
극복해야,1,
극심한,1,
금리인상,18,
금리인하,4,
금지,12,
금지되거나,1,
금지된,1,
금지된다.,1,
금지하고,3,
"금지하고,",1,
금지하는,3,
금지하지는,1,
금지한,1,
금지한다는,1,
급감하는,1,
급감한,3,
"급감한데다,",2,
급감했고,1,
급감했다.,2,
급감했던,1,
"급감했으며,",1,
급과,1,
급등,1,
급등과,1,
급등도,2,
급등땐,1,
급등락을,1,
급등세를,3,
급등세에도,1,
급등에,3,
급등으로,1,
급등을,1,
급등주에,1,
급등하고,1,
급등하는,1,
급등하자,1,
급등한,6,
급등했고,1,
급등했다.,1,
급등했던,1,
급등했지만,1,
급락,8,
급락과,2,
급락세를,1,
급락에,3,
급락으로,2,
급락은,4,
급락을,3,
급락이,1,
급락이었던,2,
급락일,1,
급락하며,2,
급락하자,1,
급락한,8,
급락했고,1,
급락했다.,5,
급성장,1,
급성장하는,1,
급성장한,1,
급증,1,
급증역대급,2,
급증은,1,
급증하고,3,
"급증하고,",1,
급증하기,1,
급증하는,3,
급증한,4,
급증할,1,
급증해,1,
급증했다.,3,
급진적인,1,
급한,1,
급히,2,
긍정,1,
"긍정""이라고",1,
'긍정'이라는,1,
긍정적,16,
"긍정적""이라고",3,
"긍정적""이라며",2,
긍정적”이라고,1,
긍정적으로,17,
'긍정적'으로,1,
"긍정적이고,",2,
긍정적이나,1,
긍정적이라,1,
긍정적이라고,2,
긍정적이라는,2,
"긍정적이며,",1,
"긍정적이었다""고",1,
긍정적이지만,1,
긍정적인,21,
긍정적일,3,
기각,3,
기각됐다.,1,
기각했다고,1,
기대감,8,
기대할만한,1,
기대해,2,
기대해볼,3,
기대해볼만한,1,
기대했다.,12,
기록한,28,
기록할,27,
기록했다.,43,
"기록했으며,",1,
기반,56,
기반으로,68,
기반을,25,
기쁘다”며,5,
기쁨을,2,
기소,7,
기소됐다.,4,
기소된,6,
기여하겠다“며,1,
기여하고자,2,
기여할,22,
기저효과,1,
기회,5,
기획했다.,1,
긴급조치에,1,
긴밀하게,1,
긴밀히,3,
긴장감을,1,
긴장하고,1,
꺾이며,1,
꽤나,1,
끌어올렸다.김동원,1,
끌어올렸지만,1,
나빠졌다.,1,
나빠지면,1,
낙상,2,
낙점됐고,1,
낙점을,1,
낙폭도,2,
낙폭은,2,
낙폭을,2,
낙폭이,3,
"노력하겠다""고",14,
누락됐다.,1,
"늘어났으며,",1,
늘어지고,1,
늘었다.,46,
늘었다고,1,
늘었다며,1,
"늘었지만,",1,
능숙해요.,1,
능합니다.,1,
늦췄다.,1,
,,
,,
,,
,,
,,
,,
,,
,,
,,
,,
,,
,,
,,
,,
,,
,,
,,
,,
,,
,,
,,
,,
,,
,,
,,
,,
,,
,,
,,
,,
,,
,,
,,
,,
,,
,,
,,
,,
,,
,,
다이렉트인덱싱’,3,
다이렉트인덱싱은,8,
다이렉트인덱싱'은,1,
다이렉트인덱싱을,2,
다이를,1,
다이어트,1,
다중접속역할수행게임(MMORPG),1,
다지고,2,
다지기,2,
다지는,5,
다채로운,5,
다투고,2,
다투는,1,
다툼에,1,
다툼을,2,
다툼이,3,
다툼이나,1,
"다하겠다""고",12,
"다하겠다""며",2,
다하겠다”고,4,
다하겠다”며,1,
다하겠다고,1,
다하고,7,
다하고자,1,
다하라고,1,
다할,16,
다해,3,
다행인,1,
다회용,1,
"닥터원진),",1,
단,13,
"단,",14,
단가,1,
단가가,2,
단가는,3,
단가를,1,
단가와,1,
단계,10,
단계”라며,1,
단계가,3,
단계'까지,1,
단계라,1,
"단계로,",1,
단계를,3,
단계별,14,
단계별로,8,
단계부터,3,
단계부터메리츠증권이,1,
단계에서,3,
단계에서부터,1,
단계인,1,
단계적으로,2,
단국대,1,
단기,95,
단기간,1,
단기간내,1,
단기간에,4,
단기과열과,7,
단기금융업,1,
단기금융펀드(MMF)를,1,
단기로,3,
단기물(CP),1,
단기물의,1,
단기물이,1,
단기사채,1,
단기성,1,
단기에,2,
단기자금시장,1,
단기적,2,
단기적으로,9,
단기적인,3,
단기조정,1,
단기차입)부터,1,
단단해졌다는,1,
단독,7,
단독보도입니다.,1,
단독으로,2,
단독체제,1,
단방향,1,
단백질의,1,
단백질이라는,1,
단번에,1,
단비가,2,
단비와,1,
단속과,1,
단속만,1,
단속에,1,
단속하겠다는,1,
단속하라고,1,
단수주,1,
단순,6,
단순한,12,
단순히,7,
단시간에,1,
단어로,1,
단어를,3,
단연,1,
단오절,1,
단위,25,
단위당,1,
단위로,25,
단위를,2,
단위의,2,
단의,1,
단일,4,
단장,1,
단점을,2,
단지,1,
단체,19,
단체인,2,
단초를,1,
단축했다.IPO,1,
단칸,1,
단행됐으나,2,
단행되면,1,
단행하는데,1,
단행한,1,
단행할지와,2,
단행해,2,
단행했다.,2,
단호하고,1,
닫게,1,
닫았습니다.이는,1,
달,116,
달간,13,
달간(5월26일~6월27일),1,
달간의,8,
달기,1,
달까지,1,
달도,2,
달라,4,
"달라""고",3,
"달라""며",1,
달라.,2,
달라”고,1,
달라고,2,
달라요.,1,
"달라졌고,",1,
달라졌다고,1,
달라지고.◆곽상준&gt;,1,
달라지나,1,
달라지는,5,
달라지는데,3,
달라지면서,1,
달라지지,1,
달라진,1,
달라진다.카카오페이증권은,1,
달라질,13,
달라'한,1,
달래는,3,
달러,24,
달러(3천907조원)로,2,
달러(3천936조원)에,2,
달러(5경,1,
달러(약,4,
달러),4,
"달러),",16,
달러)였다.,2,
달러)였다.일반,1,
달러)였다.종목,1,
달러)을,1,
"달러,",2,
달러.,1,
달러/원,1,
달러·엔,1,
달러·원,2,
달러가,2,
달러까지,1,
달러는,1,
달러당,2,
달러로,6,
달러를,1,
달러에,4,
달러에서,3,
달러와,1,
달러의,2,
달러인덱스,1,
달러인덱스가,1,
달러화의,1,
달려,2,
달려갈,1,
달려들었고,1,
달려오던,1,
달려왔던,1,
달리,38,
"달리,",2,
달리고있다.,1,
달부터,3,
달부터는,1,
달성,9,
달성(지난,2,
달성계획서를,5,
달성을,13,
달성이,3,
달성하겠다고,1,
달성하기,1,
달성하기도,1,
달성하며,1,
달성하면,1,
달성하면서,1,
달성하지,15,
달성한,6,
달성할,1,
달성함에,1,
달성해,3,
"달성했고,",2,
달성했기,1,
"달성했는데,",1,
달성했다.,6,
달성했다.또,1,
달성했다.이는,1,
달성했다.정,1,
달성했다”며,1,
달성했다고,2,
달성했으니,1,
달에,6,
달에는,3,
달여,1,
달을,6,
달이,1,
달이었던,1,
달째,1,
달하고,1,
달하는,33,
달하며,3,
달하지만,2,
달한다.,14,
달한다.당시,1,
달한다.업계에서는,1,
달한다.엔저,3,
달한다.전문가들은,1,
달한다.증권사들은,1,
달한다.최근,2,
달할,4,
달해,4,
"달해보험사,",1,
달했다.,6,
달했다.공정위는,1,
달했다.미국,1,
달했지만,1,
닮았다.,3,
닮았다고,1,
닮은,2,
담겨,2,
담겼다.,4,
담겼다.일반적인,1,
담고,1,
담기로,1,
담긴,19,
담는,1,
담당,29,
담당”,1,
담당임원.,2,
담당자,8,
담당자가,14,
담당자끼리,1,
담당자는,1,
담당자들,1,
담당자들의,1,
담당자들이,8,
담당자로,1,
담당자에게,1,
담당자의,3,
담당하고,2,
담당하는,6,
담당하던,3,
담당하면서,2,
담당한다.,11,
담당할,1,
담당해,1,
담당해왔다.,1,
담당했다.,1,
담당했던,1,
담보,23,
담보(주식),1,
담보가치와,1,
담보관리,6,
담보관리·반대매매,1,
담보관리체계,1,
담보권을,1,
담보나,1,
담보대출,20,
"담보됐다""고",1,
담보된,2,
담보로,24,
담보를,1,
담보물이,2,
담보부족안내,1,
담보신탁,10,
담보신탁은,1,
담보일,2,
담보평가금액이,1,
담아,12,
담았다.,5,
담았다.NH투자증권은,1,
담았다.보고서,1,
담았다.삼성증권은,1,
담았다.신한투자증권,1,
담았다.예탁결제원에,2,
담았다.팝업스토어,1,
담았다.한남뉴타운은,2,
담은,24,
담합,186,
"담합,",1,
담합’,1,
담합’과,1,
담합과,4,
담합과는,4,
담합까지,2,
담합도,2,
담합에,1,
담합으로,4,
담합은,1,
담합을,6,
담합이,11,
담합이나,1,
담합이란,1,
담합조사,1,
담합조사에,1,
담합하지,1,
담합한,2,
담합할,3,
담합해,3,
담합했는지,28,
담합했는지도,1,
담합했는지를,17,
담합했다는,1,
담합했다며,1,
답[이데일리,1,
답답한,1,
답례품,1,
답례품으로,1,
답례품을,2,
답례품이,1,
답변을,3,
답변의,3,
답변하는,1,
답변하지,1,
답보상태에,1,
답으로,4,
답하고,3,
답하는지,3,
"답하는지,",1,
답합,1,
답했다.,2,
답했다.메리츠증권은,1,
"닷컴버블,",1,
닷컴버블과,1,
닷컴버블이,1,
당,8,
당겨질,1,
당국,3,
당국과,1,
당국기준에,1,
당국도,2,
당국에,3,
당국에서,1,
당국은,5,
당국의,12,
당국이,4,
당근을,1,
당기,1,
당기순이익,15,
당기순이익(9137억원)은,1,
"당기순이익,",1,
당기순이익과,1,
당기순이익은,11,
당기순이익을,1,
당기순이익이,1,
당뇨병,1,
"당뇨학회,",1,
당뇨학회를,1,
당부,1,
당부를,2,
당부사항,1,
당부사항을,1,
당부해,1,
당부했다.,16,
당부했다.22일,1,
당부했다.금융감독원은,1,
당부했다.또,1,
당부했다.이,2,
당부했다.이번,1,
당부했다.이복현,1,
당부했다.키움증권도,1,
당부했다.현행,1,
당부했습니다.,1,
당부했습니다.당신의,1,
당분간,17,
당사,2,
당사는,5,
당사에,1,
당사의,5,
당사자,1,
당사자에게,2,
당선되면,1,
당시,57,
당시(5.1%·5.00∼5.25%)보다,1,
당시는,1,
당시로는,1,
당시에,2,
당시에는,4,
당시에도,3,
당시와,2,
당신네,1,
당신들이,1,
당신의,8,
'당신의,4,
당연하다.,1,
"당연하지만,",1,
당연히,6,
당위성을,1,
당의,2,
당일,19,
당일에,9,
당일이나,1,
당일이었다.거래소,1,
당장,16,
당장은,1,
당장의,1,
당주동,4,
당첨,7,
당첨된,2,
당첨의,19,
당첨자는,2,
당초,15,
당하게,3,
당하기,3,
당하지,1,
당한,1,
당한다.,1,
당할,2,
당했던,1,
당행의,2,
당혹스러워하면서도,1,
대,2,
대(對)중국,2,
대가,2,
대가들의,5,
대가로,2,
대가를,1,
대가성,1,
대가의,10,
대강당에서,1,
대개,3,
대거,14,
대검찰청,1,
대고,1,
대공황,1,
대공황을,1,
대구,1,
대구검찰청을,1,
대구고.,1,
대구시,1,
대구은행,4,
대국민,10,
대국인,1,
대규모,52,
대규모기업집단의,1,
대규모의,1,
대금,18,
대금으로,2,
대금은,3,
대금을,10,
대금의,1,
대금이,1,
대기,3,
대기발령,1,
대기성,1,
대기업,10,
대기업들도,2,
대기업들만,1,
대기업이,1,
대기업이죠.,1,
대기자금에,1,
대내외,16,
대니얼,2,
대다수,2,
대다수가,1,
대다수인,1,
"대단했다며,",3,
대단히,1,
대대적,1,
대대적으로,1,
대대적인,4,
대덕전자(353200)가,1,
대덕전자가,1,
대덕전자의,1,
대도,1,
대두되자,1,
대두된,1,
대량,20,
대량매도,1,
대량보유상황보고'(5%공시)를,1,
대량으로,1,
대량의,2,
대로,3,
대륙별,1,
대륙별로,6,
대를,1,
대리구매상,1,
대리인이,2,
대만,4,
대만을,1,
대만의,1,
대면,8,
대면으로,1,
대목이다.,2,
대목이다.특히,1,
대목인데요.,1,
대법원,5,
대법원까지,1,
대법원에,3,
대법원에서,2,
대법원이,2,
대변인도,1,
대부분,21,
대부분으로,2,
대부분은,1,
대부분의,6,
대부분이,10,
대부업,7,
대부업을,3,
대비,364,
"대비""",1,
대비),1,
대비)에,1,
대비니까,1,
대비된다.전문가들은,1,
대비로,2,
대비로는,7,
대비책을,1,
대비하고,16,
"대비하고,",1,
대비하기,1,
대비하다(Future-proofing,1,
대비하다’는,1,
대비하다’라는,1,
대비한,3,
대비해,6,
대비해서도,1,
대비해야,3,
대상,96,
대상(외화부채비율,5,
대상…“단체,1,
대상…수수료,1,
대상에,14,
대상에는,3,
대상에서는,1,
대상엔,1,
대상으로,209,
대상은,17,
대상을,8,
대상의,1,
대상이,33,
대상이다.,3,
대상이다.업계에,1,
대상이라고,1,
대상이었다.,1,
대상인,2,
대상자가,5,
대상자는,2,
대상자를,2,
대상자에게,1,
대상자의,2,
대상종목도,4,
대상종목은,1,
대상종목을,6,
대상지로,1,
대상타증권사로,1,
대선,1,
"대선,",1,
대선캠프,1,
대선후보였던,1,
"대성창투,",1,
대성초등학교(폐교)에서,1,
"대성홀딩스,",2,
대세로,1,
대손·조달비용,1,
대손비용,2,
대손비용률도,2,
대손비용률이,1,
대손비용은,1,
대손비용이,1,
대손상각,1,
대손상각도,1,
대손상각비,6,
대손충당금,1,
대손충당금을,2,
대수,1,
대수는,1,
"대시(DASH),",1,
대신,34,
대신으로,1,
'대신으로,2,
대신증권,63,
대신증권(003540)이,1,
대신증권(8.89%)과,1,
"대신증권,",3,
대신증권과,6,
대신증권도,11,
대신증권에,5,
대신증권에서,4,
대신증권으로,4,
대신증권은,38,
대신증권을,1,
대신증권의,3,
대신증권이,14,
대신증권이다.,3,
대신증권이다.상장예정,1,
대신하이일드공모주,1,
대신한,1,
대신해,1,
대안도,1,
대안으로,3,
대안을,1,
대안이,1,
대어가,3,
대어급,2,
대어들도,1,
대어들의,1,
대어로,1,
대어를,1,
'대어'의,1,
대에서,1,
대여로,2,
대여와,1,
대역폭,1,
대역폭을,1,
대열에,1,
대외,5,
대외신인도와,1,
대외적,7,
대외적인,1,
대용가격이,1,
대용증권으로,1,
대우를,1,
대우조선해양을,1,
대우조선해양이,1,
대우증권,1,
대우증권에,1,
대우증권에서,1,
대우증권의,1,
대응,27,
"대응""",1,
"대응(E),",5,
대응”,1,
대응…”이상,1,
대응과,1,
대응능력도,1,
대응에,5,
대응은,1,
대응을,17,
대응이,4,
대응체계를,1,
대응키,1,
"대응하겠다""고",1,
대응하겠다”면서,1,
대응하고,3,
대응하고자,1,
대응하기,11,
대응하는,9,
대응하면서,2,
대응한,3,
대응할,37,
대응해,6,
대응해야,5,
대응했습니다.,1,
대응현황,1,
대장,2,
대장으로,8,
대전,4,
'대전,1,
대전에도,1,
대전'에서,1,
대조적이다.,1,
대조해,1,
대주가,3,
대주단,2,
대주단에,2,
대주주는,1,
대주주에,1,
대주주에게,1,
대주주와,1,
대주주이고,2,
대주주인,1,
대중,2,
대중교통,2,
"대중교통비,",1,
대중국,4,
대중들에게,4,
대중에게,1,
대중이,2,
대지예요.,1,
대차거래,2,
대차중개,1,
대책에도,1,
대책을,1,
대책회의를,2,
대처가,3,
대처하는,1,
대처하며,1,
대처할,1,
대체,9,
대체거래소(ATS)인,2,
대체로,18,
대체로는,1,
대체부문의,1,
대체불가능토큰(NFT)·ST,1,
대체불가능토큰(NFT)인,1,
대체상품,1,
대체상품으로,1,
대체수단,3,
대체자산,1,
대체적인,1,
대체투자,1,
"대체투자상품,",4,
대체품을,1,
대체하기,1,
대체할,2,
대출,119,
'대출,1,
대출(유동화증권,1,
"대출),",1,
대출)이다.,1,
"대출,",6,
대출’이,1,
대출·,1,
대출금리,4,
"대출금리,",1,
대출금리·수수료,9,
대출금리나,1,
대출금리를,2,
대출금리에,1,
대출금리에도,1,
대출금리와,2,
대출금은,6,
대출금은주식,2,
대출금을,5,
대출기간은,1,
대출도,2,
대출로,13,
"대출받고,",1,
대출받으면서,1,
대출받은,2,
대출보증,3,
"대출보증,",3,
대출성,8,
대출성장률,1,
대출성장률은,2,
대출실행,2,
대출에,8,
대출은,4,
대출을,24,
대출의,4,
대출이,16,
대출이자,2,
대출인,1,
대출자산,1,
대출제한과,2,
대출제한에,1,
대출주선액,2,
대출채권을,1,
대출총액의,1,
대출한,1,
대출해주거나,2,
대출해주겠다,2,
대출해준,2,
"대출했다""며",1,
대출했다.,1,
대통령,5,
대통령선거,1,
대통령에게,1,
대통령은,13,
대통령을,1,
대통령의,12,
대통령이,27,
대통령이나,1,
대폭,21,
대폭락에,1,
대폭락장을,1,
대표,85,
대표(사진)는,2,
대표(오른쪽,4,
대표(왼쪽,1,
대표(왼쪽)와,2,
대표)를,1,
대표)을,1,
대표)이,1,
"대표,",6,
대표.,4,
대표./사진=한화투자증권,1,
대표[디지털데일리,1,
대표가,29,
대표는,71,
대표님이,1,
대표로,7,
대표를,15,
대표비상장기업,1,
대표에,4,
대표에게,4,
대표와,14,
대표은행으로서,2,
대표은행의,1,
대표의,9,
대표이사,25,
대표이사(가운데,3,
대표이사(왼쪽)가,1,
대표이사(왼쪽)와,5,
대표이사),2,
대표이사)씨,1,
"대표이사,",3,
대표이사.,2,
대표이사가,7,
대표이사는,32,
대표이사로,2,
대표이사를,2,
대표이사에,2,
대표이사와,12,
대표적,1,
"대표적""이라고",1,
대표적으로,5,
대표적이다.,6,
대표적이다.삼성증권은,1,
"대표적이다.한편,",1,
대표적인,15,
대표주,3,
"대표주,",1,
대표주관사는,3,
대표주관사로,2,
대표주관한,1,
대표주관했다.,1,
대표주관회사,1,
대표주관회사는,3,
대표주관회사로,1,
대표증권사의,5,
대표지수에,3,
대표하는,43,
대표한국금융지주,1,
대표해외,1,
대하여,1,
대학,6,
대학(원)생,1,
대학(원)생과,1,
대학(원)생을,1,
대학가,2,
대학교,2,
대학교에,1,
대학교의,1,
대학생,6,
대학생들의,1,
대학생을,2,
대학생이,1,
대학에,1,
대한,557,
대한),1,
대한)여러,1,
대한민국,14,
대한민국.,1,
대한민국을,2,
대한방직,12,
"대한방직(001070),",1,
"대한방직,",27,
대한방직과,7,
대한방직도,1,
대한방직은,9,
대한방직을,6,
대한방직이,1,
대한보증보험과,3,
"대한상선,",1,
대한항공,1,
대한항공을,1,
대한항공이,1,
대한해운,2,
대한해운이,1,
대해,347,
"대해,",1,
대해서,7,
대해서는,41,
대해서도,43,
대해서라면,1,
대해서만,1,
대해선,13,
대행을,1,
대형,110,
대형·인기,1,
대형마트,1,
"대형마트,",1,
대형마트에,1,
대형사,1,
대형사(35.7%)에,1,
대형사(9.3%),1,
대형사보다는,1,
대형사와,1,
대형스팩,1,
대형스팩의,1,
대형주,4,
대형주가,1,
대형주로,2,
대형주의,1,
대형증권사가,1,
대형증권사를,2,
대형증권사의,1,
대형화,2,
대형화와,1,
대형화의,1,
대화,3,
대화’,1,
대화기술이,4,
대화를,5,
대화방,20,
대화방도,1,
대화방은,2,
대화방이,1,
대화의,3,
대화형,6,
대환대출,1,
대회,46,
대회기간은,2,
대회는,16,
대회다.대회,1,
대회를,7,
대회부터,2,
대회에,6,
대회에는,1,
대회에서도,1,
대회의,1,
대회의실에서,5,
대회이니만큼,1,
댔다.,1,
더,231,
'더,6,
더구나,1,
더더욱,4,
"더뎌""-",1,
더뎌'신작,1,
더디게,1,
더디고,1,
"더디고,",2,
"더디다""고",1,
더디다”며,1,
더디다며,1,
"더디며,",2,
더딘,7,
"덕분""이라고",1,
덕분에,4,
덕분으로,1,
덕분인지,1,
덕에,2,
덧붙였다.,67,
"도달했다""며",1,
도달했다.,2,
도약의,4,
"도약하겠다""고",1,
도약해,7,
"도약해나가겠다""고",1,
도입,6,
도입됐다가,1,
도입됐지만,1,
도입하면서,2,
도입했다.,3,
도입했다고,1,
도전적인,1,
도전하고,1,
도전한,1,
도전한다.,1,
도전해,8,
도태될,1,
도피,1,
독자적인,1,
돋보이는,1,
돌려막기,9,
돌려막기’를,1,
돌려막기는,1,
"돌입하며,",1,
돌입한,1,
돌입한다.,1,
돌입한다고,3,
돌입할,1,
돌입했다.,1,
돌입했다고,2,
돌파구다.,1,
돌파구를,1,
돌파하면서,1,
돕겠다는,3,
돕고,2,
돕기를,3,
돕는,9,
동결됐다.,1,
동결됐지만,1,
동결되면서,1,
동결될,2,
동력,2,
동력으로,3,
동시다발적으로,3,
동시다발적인,9,
동참,1,
동참으로,1,
동참을,5,
,,
,,
,,
,,
동참하였으며,1,
,,
동참한다고,6,
동참한다는,6,
,,
,,
동참했다.,12,
,,
,,
,,
,,
,,
,,
,,
동행한다.,1,
동향,10,
,,
,,
,,
,,
,,
,,
,,
,,
,,
,,
,,
,,
,,
,,
,,
,,
,,
,,
,,
,,
,,
,,
,,
,,
,,
,,
,,
,,
,,
,,
,,
,,
,,
,,
,,
,,
,,
,,
,,
,,
,,
,,
,,
,,
,,
,,
,,
,,
,,
,,
,,
,,
,,
,,
,,
,,
,,
,,
,,
,,
되고자,7,
,,
,,
,,
,,
,,
,,
,,
,,
,,
,,
,,
,,
,,
,,
,,
,,
,,
,,
,,
,,
,,
,,
,,
,,
,,
,,
,,
,,
,,
,,
,,
,,
,,
,,
,,
,,
,,
,,
,,
,,
,,
,,
,,
,,
,,
,,
,,
,,
,,
,,
,,
,,
,,
,,
,,
,,
,,
,,
,,
,,
,,
,,
,,
,,
,,
,,
,,
,,
,,
,,
,,
,,
,,
,,
,,
,,
,,
,,
,,
,,
,,
,,
,,
,,
,,
,,
,,
,,
,,
,,
,,
,,
,,
,,
,,
,,
,,
,,
,,
,,
,,
,,
,,
,,
,,
,,
,,
,,
,,
,,
,,
,,
,,
,,
,,
,,
,,
,,
,,
,,
,,
,,
,,
,,
,,
,,
,,
,,
,,
,,
,,
,,
,,
,,
,,
,,
,,
,,
,,
,,
,,
,,
,,
,,
,,
,,
,,
,,
,,
,,
,,
,,
,,
,,
,,
,,
,,
,,
,,
,,
,,
,,
,,
,,
,,
,,
,,
,,
,,
,,
,,
,,
둔화도,1,
둔화됐던,1,
둔화되는,1,
둔화될,1,
,,
,,
,,
,,
,,
,,
둔화하고,1,
둔화하는,3,
,,
,,
,,
,,
,,
,,
,,
,,
,,
,,
,,
,,
,,
,,
,,
,,
,,
,,
,,
,,
,,
뒤숭숭한,1,
,,
,,
,,
,,
,,
,,
,,
,,
,,
,,
,,
,,
,,
,,
,,
,,
,,
,,
,,
,,
,,
,,
,,
,,
,,
,,
,,
,,
,,
,,
,,
,,
,,
,,
,,
,,
,,
,,
,,
,,
,,
,,
,,
,,
,,
,,
,,
,,
,,
,,
,,
,,
,,
,,
,,
,,
,,
,,
,,
,,
,,
,,
,,
,,
,,
,,
,,
,,
,,
,,
,,
,,
,,
,,
,,
,,
,,
,,
,,
,,
,,
,,
,,
,,
,,
,,
,,
,,
,,
,,
,,
,,
,,
,,
,,
,,
,,
,,
,,
,,
,,
,,
,,
,,
,,
,,
,,
,,
,,
,,
,,
,,
,,
,,
,,
,,
,,
,,
,,
,,
,,
,,
,,
,,
,,
,,
,,
,,
,,
,,
,,
,,
,,
,,
,,
,,
,,
,,
,,
,,
,,
,,
,,
,,
,,
,,
,,
,,
,,
,,
,,
,,
,,
,,
,,
,,
,,
,,
,,
,,
,,
,,
,,
,,
,,
,,
,,
,,
,,
,,
,,
,,
,,
,,
,,
,,
,,
,,
,,
,,
,,
,,
,,
,,
,,
,,
,,
,,
,,
,,
,,
,,
,,
,,
,,
,,
,,
,,
,,
,,
,,
,,
,,
,,
,,
,,
,,
,,
,,
,,
,,
,,
,,
,,
,,
,,
,,
,,
,,
,,
,,
,,
,,
,,
,,
,,
,,
,,
,,
,,
,,
,,
,,
,,
,,
,,
,,
,,
,,
,,
,,
,,
,,
,,
,,
등재돼,1,
등재되며,1,
,,
,,
,,
,,
,,
,,
,,
,,
,,
,,
,,
,,
,,
,,
,,
,,
,,
,,
,,
,,
,,
,,
,,
,,
,,
,,
,,
,,
,,
,,
,,
,,
,,
,,
,,
,,
,,
,,
,,
,,
,,
,,
,,
,,
,,
,,
,,
,,
,,
,,
,,
,,
,,
,,
,,
,,
,,
,,
,,
,,
,,
,,
,,
,,
,,
,,
,,
,,
,,
,,
,,
,,
,,
,,
,,
,,
,,
,,
,,
,,
,,
,,
,,
,,
,,
,,
,,
,,
,,
,,
,,
,,
,,
,,
,,
,,
,,
,,
,,
,,
,,
,,
,,
,,
,,
,,
,,
,,
,,
,,
,,
,,
,,
,,
,,
,,
,,
,,
,,
,,
,,
,,
,,
,,
,,
,,
,,
,,
,,
,,
,,
,,
,,
,,
,,
,,
,,
,,
,,
,,
,,
,,
,,
,,
,,
,,
,,
,,
,,
,,
,,
,,
,,
,,
,,
,,
,,
,,
,,
,,
,,
,,
,,
,,
,,
,,
,,
,,
,,
,,
,,
,,
,,
,,
,,
,,
,,
,,
,,
,,
,,
,,
,,
,,
,,
,,
,,
,,
,,
,,
,,
,,
,,
,,
,,
,,
,,
,,
,,
,,
,,
,,
,,
,,
,,
,,
,,
,,
,,
,,
,,
,,
,,
,,
,,
,,
,,
,,
,,
,,
,,
,,
,,
,,
,,
,,
,,
,,
,,
,,
,,
,,
,,
,,
,,
,,
,,
,,
,,
,,
,,
,,
,,
,,
,,
,,
,,
,,
,,
,,
떨어졌다고,2,
,,
떨어졌습니다.,1,
,,
"떨어졌지만,",1,
,,
,,
,,
,,
,,
,,
,,
,,
,,
,,
,,
,,
,,
,,
,,
,,
,,
,,
,,
,,
,,
,,
,,
,,
,,
,,
,,
,,
,,
,,
,,
,,
,,
,,
,,
,,
,,
,,
,,
,,
,,
,,
,,
,,
,,
,,
,,
뛰어나다고,1,
,,
,,
,,
,,
,,
,,
,,
,,
,,
,,
뛰어올랐다.,1,
,,
,,
,,
,,
,,
,,
,,
,,
,,
,,
,,
뜻깊은,6,
,,
,,
,,
,,
,,
,,
,,
,,
,,
,,
,,
,,
,,
,,
,,
,,
,,
,,
,,
,,
,,
,,
,,
,,
,,
,,
,,
,,
,,
,,
,,
,,
,,
,,
,,
,,
,,
,,
,,
,,
,,
,,
,,
,,
,,
,,
,,
,,
,,
,,
,,
,,
,,
,,
,,
,,
,,
,,
,,
,,
,,
,,
,,
,,
,,
,,
,,
,,
,,
,,
,,
,,
,,
,,
,,
,,
,,
,,
,,
,,
,,
,,
,,
,,
,,
,,
,,
,,
,,
,,
,,
,,
,,
,,
,,
,,
,,
,,
,,
,,
,,
,,
,,
,,
,,
,,
,,
,,
,,
,,
,,
,,
,,
,,
,,
,,
,,
,,
,,
,,
,,
,,
,,
,,
,,
,,
,,
,,
,,
,,
,,
,,
,,
,,
,,
,,
,,
,,
,,
,,
,,
,,
,,
,,
,,
,,
,,
,,
,,
,,
,,
,,
,,
,,
,,
,,
,,
,,
,,
,,
,,
,,
,,
,,
,,
,,
,,
,,
,,
,,
,,
,,
,,
,,
,,
,,
,,
,,
,,
,,
,,
,,
,,
,,
,,
,,
,,
,,
,,
,,
,,
,,
,,
,,
,,
,,
,,
,,
,,
,,
,,
,,
,,
,,
,,
,,
,,
,,
,,
,,
,,
,,
,,
,,
,,
,,
,,
,,
,,
,,
,,
,,
,,
,,
,,
,,
,,
,,
,,
,,
,,
,,
,,
론칭이,1,
론칭하며,1,
론칭하여,1,
,,
,,
,,
,,
,,
,,
,,
,,
,,
,,
,,
,,
,,
,,
,,
,,
,,
,,
,,
,,
,,
,,
,,
,,
,,
,,
,,
,,
,,
,,
,,
,,
,,
,,
,,
,,
,,
,,
,,
,,
,,
,,
,,
,,
,,
,,
,,
,,
,,
,,
,,
,,
,,
,,
,,
,,
,,
,,
,,
,,
,,
,,
,,
,,
,,
,,
,,
,,
,,
,,
,,
,,
,,
,,
,,
,,
,,
,,
,,
,,
,,
,,
,,
,,
,,
,,
,,
,,
,,
,,
,,
,,
,,
,,
,,
,,
,,
,,
,,
,,
,,
,,
,,
,,
,,
,,
,,
,,
,,
,,
,,
,,
,,
,,
리스크,68,
,,
,,
,,
,,
,,
,,
,,
,,
,,
,,
,,
,,
,,
,,
,,
,,
,,
,,
,,
,,
,,
,,
,,
,,
,,
,,
,,
,,
,,
,,
,,
,,
,,
,,
,,
,,
,,
,,
,,
,,
,,
,,
,,
,,
,,
,,
,,
,,
,,
,,
,,
,,
,,
,,
,,
,,
,,
,,
,,
,,
,,
,,
,,
,,
,,
,,
,,
,,
,,
,,
,,
,,
,,
,,
,,
,,
,,
,,
,,
,,
,,
,,
,,
,,
,,
,,
,,
,,
,,
,,
,,
,,
,,
,,
,,
,,
,,
,,
,,
,,
,,
,,
,,
,,
,,
,,
,,
,,
,,
,,
,,
,,
,,
,,
,,
,,
,,
,,
,,
,,
,,
,,
,,
,,
,,
만기별로,1,
만기불일치,2,
만기상환금액에,2,
만기일은,1,
만기일이,1,
만기지급일인,1,
만기출소했다.,1,
만만치,1,
만족도를,5,
만족시키는,3,
만족하는,3,
만회,1,
만회했다.외국인과,1,
망할,1,
"망했거든요,",1,
맞이한,2,
맞이할,2,
맞이해,3,
매각,10,
매도,75,
매수를,24,
매수하지,13,
매수했다,1,
매입,40,
매입·소각을,2,
매입·소각이,1,
매입해,5,
머물러있다.,1,
머물렀으나,1,
멋있는,3,
멋있었다고,1,
"모르겠다""",1,
못했습니다.,2,
못했지만,1,
무난히,1,
무너졌다는,1,
무리를,1,
무리하게,2,
무리한,2,
무서운,1,
문제,11,
문제”라고,1,
문제”라며,1,
문제가,39,
문제는,10,
문제다.,2,
문제도,1,
문제라고,3,
문제라서,1,
문제로,2,
문제를,17,
문제시,1,
문제에,1,
문제점을,2,
문제제기가,1,
물가상승,1,
물가상승률이,1,
"물가안정세,",1,
물려,1,
물렸다'는,1,
미달했다.,1,
미매각,1,
미승인,1,
미안함을,1,
,,
민감도가,1,
민감하게,1,
,,
,,
,,
,,
,,
,,
민사소송,1,
,,
,,
,,
,,
,,
,,
,,
,,
민주당이,1,
,,
믿는,1,
믿는다.,1,
믿음이,2,
,,
,,
,,
,,
,,
밀렸다.,2,
,,
,,
,,
,,
,,
,,
,,
,,
,,
,,
,,
,,
,,
,,
,,
,,
,,
,,
,,
,,
,,
,,
,,
,,
,,
,,
,,
,,
,,
,,
,,
,,
,,
,,
,,
,,
,,
,,
,,
,,
,,
,,
,,
,,
,,
,,
,,
,,
,,
,,
,,
,,
,,
,,
,,
,,
,,
,,
,,
,,
,,
,,
,,
,,
,,
,,
,,
,,
,,
,,
,,
,,
바란다.,2,
,,
,,
,,
,,
,,
바람직하다”고,1,
바람직하다는,1,
,,
,,
,,
,,
,,
,,
,,
,,
,,
,,
,,
,,
,,
,,
,,
,,
,,
,,
,,
,,
,,
,,
,,
,,
,,
,,
,,
,,
,,
,,
,,
,,
,,
,,
,,
,,
,,
,,
,,
,,
,,
,,
,,
,,
,,
,,
,,
,,
,,
,,
,,
,,
,,
,,
,,
,,
,,
,,
,,
,,
,,
,,
,,
,,
,,
,,
,,
,,
,,
,,
,,
,,
,,
,,
,,
,,
,,
,,
,,
,,
,,
,,
,,
,,
,,
,,
,,
,,
,,
,,
,,
,,
,,
,,
,,
,,
,,
,,
,,
,,
,,
,,
,,
,,
,,
,,
,,
,,
,,
,,
,,
,,
,,
,,
,,
,,
,,
,,
,,
,,
,,
,,
,,
,,
,,
,,
,,
,,
,,
,,
,,
,,
,,
,,
,,
,,
,,
,,
,,
,,
,,
,,
,,
,,
,,
,,
,,
,,
,,
,,
,,
,,
,,
,,
,,
,,
,,
,,
,,
,,
,,
,,
,,
,,
,,
,,
,,
,,
,,
,,
,,
,,
반등,13,
,,
,,
,,
,,
,,
,,
,,
,,
,,
,,
,,
,,
,,
,,
,,
,,
,,
,,
,,
,,
,,
반란,3,
,,
반론도,1,
,,
,,
,,
,,
반박한다.,3,
,,
,,
,,
반발은,1,
,,
,,
,,
,,
,,
,,
,,
,,
,,
반성적,1,
반성하고,3,
,,
,,
,,
,,
,,
,,
,,
,,
,,
,,
,,
,,
,,
,,
,,
,,
,,
,,
,,
,,
,,
,,
,,
,,
,,
,,
,,
,,
,,
,,
,,
,,
,,
,,
,,
,,
,,
,,
,,
,,
,,
,,
,,
,,
,,
,,
,,
,,
,,
,,
,,
,,
,,
,,
,,
,,
,,
,,
,,
,,
,,
,,
,,
,,
반환해야,4,
,,
,,
,,
,,
,,
,,
,,
,,
,,
,,
,,
,,
,,
,,
,,
,,
,,
,,
,,
,,
,,
,,
,,
,,
,,
,,
,,
,,
,,
,,
,,
,,
,,
,,
,,
,,
,,
,,
,,
,,
,,
,,
,,
,,
,,
,,
,,
,,
,,
,,
,,
,,
,,
,,
,,
,,
,,
,,
,,
,,
,,
,,
,,
,,
,,
,,
,,
,,
,,
,,
,,
,,
,,
,,
,,
,,
,,
,,
,,
,,
,,
,,
,,
,,
,,
발각되는,1,
,,
,,
,,
,,
,,
,,
,,
,,
,,
,,
,,
,,
,,
발간해,1,
발간했다.,4,
발간했다고,9,
,,
,,
,,
발견되면서,1,
발견하고,10,
발견하는,1,
,,
발굴,12,
,,
,,
발굴하고,15,
,,
발굴하는,10,
,,
,,
,,
,,
,,
,,
발굴해,25,
,,
,,
,,
,,
,,
,,
,,
,,
,,
,,
,,
,,
,,
,,
,,
,,
,,
,,
,,
,,
,,
,,
,,
,,
,,
,,
,,
,,
,,
,,
,,
,,
,,
,,
,,
,,
,,
,,
,,
,,
,,
,,
,,
,,
,,
,,
,,
,,
,,
,,
,,
,,
,,
,,
,,
,,
,,
,,
,,
,,
,,
,,
,,
,,
,,
,,
,,
,,
,,
,,
,,
,,
,,
,,
,,
,,
,,
,,
,,
,,
,,
,,
,,
,,
,,
,,
,,
,,
,,
,,
,,
,,
,,
,,
,,
,,
,,
,,
발전시켰다.,1,
,,
,,
발전을,21,
,,
,,
,,
,,
"발전했고,",1,
,,
,,
,,
,,
,,
,,
,,
,,
,,
,,
,,
,,
,,
,,
,,
,,
,,
,,
,,
,,
,,
,,
,,
,,
,,
,,
,,
,,
,,
,,
,,
,,
,,
발표했다.,14,
,,
,,
,,
,,
,,
,,
,,
,,
,,
,,
,,
,,
,,
,,
,,
,,
,,
,,
,,
,,
,,
,,
,,
,,
,,
,,
,,
,,
,,
,,
,,
,,
,,
,,
,,
,,
,,
,,
,,
,,
,,
,,
,,
,,
,,
,,
,,
,,
,,
,,
,,
,,
,,
,,
,,
,,
,,
,,
,,
,,
,,
,,
,,
,,
,,
,,
,,
,,
,,
,,
,,
,,
,,
,,
,,
,,
,,
발행사와,28,
,,
,,
,,
,,
,,
,,
,,
,,
,,
,,
,,
,,
,,
,,
,,
,,
,,
,,
,,
,,
,,
,,
,,
발행은,12,
발행을,49,
,,
,,
,,
,,
,,
,,
,,
,,
,,
,,
,,
,,
,,
,,
,,
,,
,,
,,
,,
,,
,,
,,
발행하는,30,
,,
,,
,,
,,
,,
,,
,,
발행한,38,
,,
,,
,,
,,
,,
,,
,,
,,
발행할,24,
,,
,,
,,
,,
발행했다.,8,
,,
,,
,,
,,
,,
발행했다고,3,
"발행했으며,",1,
,,
,,
,,
,,
,,
,,
,,
,,
,,
,,
,,
,,
발휘해,2,
,,
,,
,,
,,
,,
,,
밝혀왔다.,2,
,,
,,
,,
,,
,,
,,
밝혔다.,572,
,,
,,
,,
,,
,,
,,
,,
,,
,,
,,
,,
,,
,,
,,
,,
,,
,,
,,
,,
,,
,,
,,
,,
,,
,,
,,
,,
,,
,,
,,
,,
,,
,,
,,
,,
,,
,,
,,
,,
,,
,,
,,
,,
,,
,,
,,
,,
,,
,,
,,
,,
,,
,,
,,
,,
,,
,,
,,
,,
,,
,,
,,
,,
,,
,,
,,
,,
,,
,,
,,
,,
,,
,,
,,
,,
,,
,,
,,
,,
,,
,,
,,
,,
,,
,,
,,
,,
,,
,,
,,
,,
,,
,,
,,
,,
,,
,,
,,
,,
,,
,,
,,
,,
,,
,,
,,
,,
,,
,,
,,
,,
,,
,,
,,
,,
,,
,,
,,
,,
,,
,,
,,
,,
,,
,,
,,
,,
,,
,,
,,
,,
,,
,,
,,
,,
,,
,,
,,
,,
,,
,,
,,
,,
,,
,,
,,
,,
,,
,,
,,
,,
,,
,,
,,
,,
,,
,,
,,
,,
,,
,,
,,
,,
,,
,,
,,
,,
,,
,,
,,
,,
,,
,,
,,
,,
,,
,,
,,
,,
,,
,,
,,
,,
,,
,,
,,
,,
,,
,,
,,
,,
,,
,,
,,
,,
,,
,,
,,
,,
,,
,,
밝혔다가,1,
,,
밝혔습니다.,7,
,,
,,
,,
,,
,,
,,
,,
,,
,,
,,
,,
,,
,,
,,
,,
,,
,,
,,
,,
,,
,,
,,
,,
,,
,,
,,
,,
,,
,,
,,
,,
,,
,,
,,
,,
,,
,,
,,
,,
,,
,,
,,
,,
,,
,,
,,
,,
,,
,,
,,
,,
,,
,,
,,
,,
,,
,,
,,
,,
,,
,,
,,
,,
,,
,,
,,
,,
,,
,,
,,
,,
,,
,,
,,
,,
,,
,,
,,
,,
,,
,,
,,
,,
,,
,,
,,
,,
,,
,,
,,
,,
,,
,,
,,
,,
,,
,,
,,
방안들이,1,
방안에,9,
방안으로,2,
방안은,1,
방안을,60,
방안이,5,
방지하고자,1,
방지하기,1,
방지하는,1,
배당가능이익,1,
배당금,9,
배당수익률,1,
배당액이,2,
배상하는,1,
배상하라는,1,
배제하여,1,
범죄,9,
범죄행위”라고,3,
변경됐다.,12,
변동성이,40,
변동폭은,2,
"보답하겠다""고",1,
보답하는,3,
보상,2,
보상금,1,
보상을,2,
보상하는,2,
보완방안을,1,
보완하고,1,
보완해달라고,1,
보완해서,1,
보완했다는,1,
보장된,2,
보장한다.,1,
보호하고,1,
부당거래,1,
부당이득이,1,
부당이익,2,
부당이익을,4,
부당하게,5,
부당하다고,3,
부당한,20,
부도,2,
부인하고,1,
부인하며,1,
부작용,1,
부작용이,5,
부적격업체를,1,
부적절한,2,
부정거래,18,
부정거래가,1,
부정거래를,1,
부정거래행위,3,
부정도,1,
부정적,21,
부정적”이라고,1,
부정적으로,2,
부정적이다.,1,
부정적이라는,1,
부정적인,12,
부정적일,2,
부정적일부,1,
부정한,1,
"부정행위(inefficiency,",1,
부진해질,1,
부진했다.,1,
부채,4,
부채비율,1,
불가능,2,
불가능하다.,1,
불가능하다는,1,
불가능하지만,1,
불가능한,6,
불가능한데다,1,
불가능했던,1,
불건전,13,
불공정,16,
불공정거래,44,
불구속,1,
불구하고,14,
불길하다.,1,
불법,33,
불법성이,1,
불법에,1,
불법영업에,1,
불법을,1,
불법의,1,
불법이다.,1,
불법이라는,1,
불법적으로,1,
불법적인,2,
불법행위를,1,
불법행위에,1,
불안,3,
불안감도,2,
불안감을,1,
불안에,1,
불안을,2,
불안이,2,
불안정성으로,1,
불안정성이,1,
불안정에,3,
불안정한,2,
불이익을,7,
불편함을,9,
불합리하다는,1,
불허했다.,2,
불확실성,5,
불확실성에,9,
불황,2,
붕괴,1,
비우호적인,2,
비정상적으로,1,
비정상적인,2,
비판,1,
비판도,5,
비판을,2,
비판이,3,
비판적인,1,
비판하기도,1,
비판하는,1,
비판하며,1,
비합리적인,1,
비효율,1,
"비효율적이었다""고",1,
빗나갔지만,1,
'빚투',1,
사각지대에,2,
사기적부정거래,1,
사기죄,1,
사칭,1,
사칭한,2,
사태,62,
살아남을,1,
상세히,13,
상쇄되지,1,
상쇄하면서,2,
상쇄할,1,
"상쇄해왔다""면서",1,
상수로,2,
상승,102,
"상승""-",1,
상승),2,
"상승,",3,
상승·원/달러,2,
상승·하락,1,
상승…이상거래,2,
상승과,15,
상승기에,1,
상승도,3,
상승률,5,
상승률(14.9%)을,1,
상승률(15%)와,1,
상승률(16.68%)을,1,
상승률(53%),2,
상승률여름이,1,
상승률은,9,
상승률을,4,
상승률이,7,
상승률이다.,1,
상승반전할,1,
상승사이클과,1,
상승세,1,
상승세가,7,
상승세로,5,
상승세를,30,
상승세업계,1,
상승세에,2,
상승전환할,1,
상승추세로,1,
상승폭이,3,
상승해왔다.,3,
"상승했다""며",2,
상승했다.,15,
"상승했었는데,",1,
상승했음을,1,
상승했지만,2,
상승효과가,1,
상승효과에,1,
상승흐름과,1,
상용화할,3,
상용화했다.특히,1,
상장기업과,1,
상장되면,1,
상장되어,1,
상장폐지,12,
상장폐지된다.,2,
상장폐지를,9,
상장폐지시켜,1,
상장폐지하면,2,
상장폐지한,3,
상장했다.,8,
상장했으나,2,
상장했지만,3,
상향하고,5,
상향하는,2,
상향하며,2,
"상향했고,",1,
상향했다.,9,
상향했다고,1,
상환되지,1,
상환해야,3,
생산기술,1,
생산능력,2,
선고받았다.,4,
선구자로,1,
선구자의,1,
선방한,8,
선방했다는,1,
선정됐다.,8,
"선정하였고,",1,
선정했다.,3,
선처를,2,
선택할,1,
선택해,12,
선호도를,1,
선호주로,2,
선호하고,1,
"선호한다""며",2,
섣부른,1,
섣불리,1,
성공적,12,
성공적으로,38,
성공적인,7,
성공했고,3,
성공했다.,11,
성공했다“라며,1,
성공했다고,5,
"성공했지만,",1,
성과는,3,
성장률이,10,
성장성,1,
"성장세,",1,
성장으로,4,
성장주,2,
성장주로,1,
성장주를,1,
성장하고,13,
성장하면서,1,
성장한다는,5,
"성장했다""며",1,
소액주주들은,1,
소화하기는,1,
소화하며,1,
속시원하게,2,
속였다.,1,
속전속결로,1,
손실에,6,
손실은,6,
손실을,32,
손실이,42,
손익,5,
손익개선,1,
손해,1,
"손해다,",1,
송치됐다.,2,
송치된,1,
송치했다.,2,
수립하고,1,
수립하는,1,
수립하도록,1,
"수립했고,",1,
수여하며,2,
수여한다.,1,
수요,67,
수요기반이,1,
수요는,7,
수요도,6,
수요를,26,
수요예측,7,
수용,1,
수용할,1,
수용해서,1,
수익,47,
수익률이,23,
수익성,33,
수익이,20,
수혜가,12,
순매수,25,
순매수한,26,
순손실을,3,
순응도,1,
순이자이익이,1,
순익,1,
순익은,2,
순익을,1,
순익이,1,
쉬워졌다는,1,
쉽게,21,
"쉽다""면서",1,
쉽지만은,1,
"쉽지않다""고",1,
승격,9,
승격하고,1,
승소판결했다.,1,
승소하게되면,1,
승소하면,1,
승소한,8,
승소했다.,1,
승인,42,
승인받은,3,
승인을,15,
승인이,2,
승인했다,1,
승진했고,1,
시세가,16,
시세를,14,
시장동향을,1,
시장변동,1,
시장변동성,1,
신고된,1,
신고하고,1,
신고한,9,
신고할,3,
신고해,1,
신고했지만,1,
신뢰,4,
신뢰를,26,
신뢰성·타당성,2,
신뢰성과,1,
신뢰성을,2,
신뢰성있게,1,
신뢰하기,1,
신뢰할,3,
신설했다.,2,
신속하게,17,
신속하고,16,
신속한,10,
신약개발,8,
신약개발에,1,
실거래가,1,
실거래를,3,
실거래와,3,
실망,1,
실망스러운,1,
실용적,1,
실용적인,6,
실익이,2,
실적·점유율,1,
실적개선,1,
실적개선을,1,
실적개선이,1,
실패로써,1,
실패에도,1,
실패하는,1,
실패하며,1,
실패하면,1,
실패하자,1,
실패한,3,
실패할,4,
실패해,2,
실패했지만,2,
실효성,4,
실효성에,1,
실효적으로,1,
실효화,1,
심각성을,8,
심각한,17,
심각해,1,
심의·의결했다고,3,
아니라면,1,
아쉬운,3,
아쉽다”며,1,
아쉽지만,3,
악성,3,
악성여부를,2,
악성코드,2,
악성파일,2,
악영향,2,
악영향으로,1,
악영향을,7,
악용됐다는,3,
악용되면서,1,
악용될,4,
악용한,1,
악용해,3,
악용했다는,2,
악재가,3,
악화,2,
악화는,1,
악화되고,1,
악화되면서,1,
악화되어,1,
악화된,1,
악화될,3,
악화로,2,
악화시키고,1,
악화할,3,
악화했다.,1,
안도했다.,1,
안된다.,1,
안심하고,2,
안쓰럽게도,1,
안전성과,2,
안전성을,1,
안전투자,1,
안전하게,2,
안전한,5,
안정되고,1,
안정적,2,
안정적으로,4,
안정적이고,2,
안정적인,51,
안정화,2,
안정화가,1,
안정화되면서,2,
안정화를,1,
안정화에,1,
안정화에도,1,
안정화와,5,
안정화하는,1,
안정화할,1,
안착될,2,
안착시키고,3,
안착하면서,1,
안착하지,1,
안착해,1,
안착했다.,2,
않고,45,
않는,42,
않다.,10,
않다는,12,
않더라도,18,
않아,20,
않아도,6,
않았다며,2,
않았더라도,1,
않았으나,3,
않을까,7,
"않지만,",3,
압박,3,
압박에,2,
압박으로,2,
압박은,1,
압박을,4,
압박이,4,
압박하는,1,
압박하면서,2,
압박할,1,
압박했다.,1,
압수,1,
압수수색,1,
압수수색을,10,
압수수색하는,1,
압수수색한,2,
압수수색했습니다.,1,
앞장서고,2,
앞장서고자,4,
앞장서는,3,
앞장서며,3,
앞장설,1,
앞장섰다.,1,
앞질렀다는,1,
약탈하는,1,
양호하다.,4,
양호한,16,
양호했기,1,
"양호했지만,",2,
어려워지는,3,
어려워지자,2,
어려워진,4,
어렵기에,1,
어렵다고,2,
어렵다는,3,
어렵지만,3,
어우러져,1,
어우러지며,1,
어우러지면서,3,
억눌렸던,1,
억울하다는,1,
억울한,1,
억제,1,
억제되면서,1,
억제될,1,
억제하는,1,
억제하라고,7,
억제하라는,1,
억제한다는,1,
억제할,4,
억지로,1,
"억측""이라고",4,
얻게,1,
얻고,1,
얻기,1,
얻기가,1,
얻기도,1,
얻는,1,
얻어,2,
얻어낸,1,
얻어낼,1,
얻었다는,1,
얻으면서,1,
얻은,12,
얻을,35,
얼마든지,1,
엄중,1,
엄중한,3,
엄중히,2,
엄포를,1,
엄하게,1,
업그레이드했다는,1,
업데이트,1,
없애기로,1,
없애는,4,
없앨,1,
없어졌고,1,
없어지기,1,
없어질,1,
없었고,2,
없었기,1,
없었는데,1,
없었는지,4,
없었다.,7,
없었다는,4,
없었다면,4,
없었던,9,
없었습니다.,1,
없으니,1,
없으면,16,
없으면서도,1,
엇갈린,2,
역부족”이라며,1,
역부족이다.,1,
역부족이었다.,1,
역성장,2,
연루,1,
연루됐다는,2,
연루된,2,
연루자,1,
연장돼,1,
연착륙,6,
연체,6,
연체된,1,
연체율,9,
열람된다.,1,
열렸다.,8,
열렸으며,3,
영업강화에,1,
영업손실,5,
영업손실액,1,
영업손실은,3,
영업손실이,1,
영업손익도,1,
영업수익이,1,
영업이익,63,
영업이익률,4,
영업이익은,86,
영업이익을,22,
영업익,4,
예민하면서,2,
예방,4,
예방을,20,
예방하고,6,
예방하는,6,
오르는,7,
오르던,1,
오르며,6,
오르면,9,
오르면서,3,
오르자,1,
오른,56,
오른다는,1,
오염,1,
오염수,6,
오인,1,
오인하도록,1,
오인할,1,
"올랐고,",4,
올랐다.,15,
올랐다가,1,
올랐다는,2,
올랐습니다.,2,
올랐으나,1,
올랐지만,1,
옭아맸다는,1,
완료하고,1,
완료하여,1,
완료한,17,
완료할,1,
완료해,6,
완료해야,2,
완료했기,1,
완료했다.,3,
완료했다고,2,
완료했으며,1,
완만하게,2,
완만한,1,
완성도를,1,
완성되지,1,
"외면됐었다""며",1,
"외면됐으나,",1,
우량,14,
우량기업에,1,
우량주를,2,
우량채(AA-등급,1,
"우량채권에,",1,
우량한,1,
우려된다.,1,
우려된다며,1,
우려섞인,2,
"우려스럽다""고",1,
우려에도,2,
우려와,7,
우려할,2,
우려해,7,
우려했기,1,
우려했다.,2,
우상향,11,
우상향을,1,
우상향이,4,
우상향하고,1,
우상향하는,1,
우상향할,1,
우선,60,
우선배정,9,
우선배정도,1,
우선배정을,1,
우선배정이,1,
우선순위를,5,
우선으로,1,
우선참석권,1,
우선협상대상자로,2,
우세하다.,3,
우세한,2,
우세했다.,1,
우수,7,
우수기관,3,
우수하다”며,1,
"우호적""이라면서",1,
"우호적,",1,
우호적으로,1,
우호적인,3,
우호지분,1,
움직임을,3,
움직임이,11,
웃음,1,
원활하게,16,
원활한,27,
원활해질,9,
원활히,2,
위기,18,
위기로,1,
위기를,9,
위기상황에서,1,
위반하면,9,
위반한,10,
위반할,3,
위반했을,1,
위법,6,
위법한,1,
위법행위가,1,
위변조,1,
위조,3,
위조했다는,2,
위축됐다.,1,
위축됐지만,1,
위축이,2,
위험감수,1,
위험노출액은,1,
위험성도,4,
위험성을,2,
위험이,16,
위험하다는,1,
위험한,6,
위협,3,
위협받고,1,
위협을,3,
위협이,2,
위협하는,2,
위협할,1,
위화감을,1,
유감이다.,1,
유도하겠다”고,1,
유리,1,
유리하고,6,
유리하다.,1,
유리하며,1,
유리한,4,
유망,11,
유망주는,2,
유망주로,10,
유망한,11,
유의해야,23,
"유의해야한다""고",1,
유일하게,8,
유일하다.,1,
유일한,4,
유입,3,
유입되고,1,
유입되면서,4,
유죄,1,
유효성,3,
유효성과,3,
유효성이,2,
유효하다고,2,
유효한,1,
유효할,2,
응원,11,
응원했다.,2,
의결했다.,3,
의구심을,1,
의구심이,3,
"의뢰했지만,",1,
의심이,3,
의심하고,2,
의존도가,7,
의존하던,2,
의존해서,1,
의지하기보다는,2,
이기심으로,1,
이끌었다.,2,
이익,67,
이익개선이,2,
이익률,2,
이자,31,
이자(배당)부담률을,2,
이자(배당)부담이,1,
이자(배당)지급액,1,
인기,3,
인기가,3,
인기다.,1,
인기로,1,
인기를,9,
인기몰이가,1,
인상,70,
인상되면서,1,
인상될,2,
"인상률,",1,
인상하겠다고,1,
"인상하기도,",2,
인상하는,1,
인상해,1,
인상해오다가,1,
인정되더라도,1,
인정받고,1,
인정받아,6,
인정받았다.,1,
인정받은,1,
인정받을,1,
"인정한다""고",1,
인정해,1,
인증하면,1,
일치하는,1,
일치한다는,2,
"잃고,",1,
잃어가는,1,
잃으면서,1,
입증하고,1,
입증한,1,
입증해,1,
입증했다.,1,
있다.일각에서는,1,
자리잡았다.,2,
자부심을,1,
자부심이,5,
자율성을,2,
자율적으로,5,
자율적인,1,
자율주행,10,
자율화,2,
자율화를,1,
자진신고하면,1,
잘못,1,
잘못된,2,
잘못을,3,
잘못이,2,
잘못한,2,
잘해왔다”며,1,
잘했다,1,
잠재력을,11,
잠재력이,5,
잠재리스크,2,
재개되더라도,2,
재개발,15,
재계약,1,
재미,3,
재미가,2,
재미난,1,
재미를,1,
재미있게,1,
재미있는,1,
재발했다.,1,
재탈환을,1,
재활용,12,
쟁점,1,
저금리,4,
저금리가,1,
저금리와,1,
적극적,2,
적극적으로,39,
적극적이다.,1,
적극적이었다.,1,
적당한,1,
적립해왔다.,1,
적립했고,1,
적립했다.,1,
적발됐다.,5,
적발된,8,
적발될,1,
적발했다.,1,
적자가,4,
적자로,2,
적자를,14,
"적자지속,",1,
적정성을,5,
적합하다.,2,
적합하다는,1,
전년대비,5,
전망,32,
전망이라며,1,
전망이며,1,
전망입니다.,2,
전방,3,
절하돼,1,
절하됐던,1,
절하될,1,
절하시킨,1,
절하폭이,1,
점령당했다,1,
점령하고,2,
점진적으로,4,
점차,5,
정교화에,1,
정당한,1,
정당화되는,1,
정상화할,1,
정점을,3,
정정,20,
정정했다.,2,
정지된,2,
정지시켰다.,1,
정형화된,1,
제거,4,
제거하며,2,
제거한,2,
제거했다.,1,
제거했다는,1,
"제공되며,",3,
제공된,1,
제공된다.,21,
제공받기,1,
"제공하겠다""고",9,
"제공하겠다""며",1,
제도를,16,
제안하고,1,
제안하면서,1,
제안한,1,
제안해,2,
제약될,1,
제약이,3,
제외,1,
제외됐다.,3,
제외되고,1,
제외된,1,
"제재했고,",1,
제정,1,
제정된,3,
제정하여,1,
제출했으나,1,
제한되고,1,
"제한되어서,",1,
제한하기로,5,
제한하라고,1,
제한한,1,
제한한다.,4,
제한할,5,
제한해,1,
제한했다.,3,
조각투자,18,
조기상환과,1,
조기상환된다.,4,
종가,16,
종가가,38,
종가는,15,
좋다면,1,
좋습니다.,1,
좋아,1,
좋아서,2,
좋아요,1,
좌불안석이에요.,1,
주가,229,
주가가,136,
주가는,67,
주가를,27,
주가에,10,
주가조작에,6,
주가조작으로,3,
주가조작을,3,
주가조작이,2,
주가조작이나,1,
주가조작이라는,1,
주가폭락,12,
주가폭락의,1,
주가하락,2,
주목해야,10,
주목했다.,6,
주식가치,1,
주식거래,25,
주식거래를,18,
주식계좌,20,
주식과,30,
주식매매,10,
주식보상,10,
주식시장이,17,
주식에,13,
주식을,203,
주식의,20,
주식이,5,
주의가,5,
주의를,6,
주의할,1,
주춤하며,1,
준공했다.,1,
준공했다고,4,
준수하고,1,
준수하여,1,
줄상향하고,1,
"줄어들었고,",4,
줄였다고,1,
줄이겠단,1,
줄이라고,6,
중단,21,
중단시켰다.,1,
중단하면,1,
중단한다.,2,
중단했다.,8,
중립,1,
중요지표,4,
중요지표가,1,
중요하다고,2,
중요합니다.,2,
중위험,1,
중위험·고위험,1,
중위험과,2,
즐거운,3,
즐겁게,1,
증가,21,
증가율이,7,
증권거래법에,2,
증권거래소,5,
증권거래시스템과,1,
증권거래시장,1,
증권거래위원회,1,
증권사,405,
증권사는,69,
증권사별로,4,
증권사에서는,1,
증권사에서도,1,
증대하며,7,
증대해,1,
증대했지만,1,
증발급락,1,
증시,83,
증진과,1,
증진시키면서,1,
증진시킬,1,
증폭됐다.,1,
증폭시켰다.,1,
지목됐다.,1,
지목되고,1,
지목되면서,1,
지분가치,1,
지분가치는,1,
지분가치를,3,
지분가치와,1,
지분매각,6,
지분율,2,
지분율은,5,
지분율이,2,
지속가능,4,
지속가능금융,5,
지속가능한,29,
지수와,4,
지양하라고,2,
지연되고,1,
지연되며,1,
지연될,1,
지연으로,2,
지저분한,1,
지적됐다.,1,
지적에,2,
지적한다.,1,
지적했고,1,
지적했다.,29,
지향하는,2,
진입해,4,
진입했다.,1,
진입했습니다.,1,
진출과,1,
진출에,4,
진출을,52,
진출하겠다며,1,
진출하며,4,
진출하면서,1,
진출한다.,1,
진출할,5,
진출했다.,4,
징수하는,2,
차단,1,
차단될,1,
차별화된,19,
차별화될,1,
차별화를,1,
창출하며,1,
채택이,1,
처분하고,1,
철회할,2,
철회했다고,2,
철회했던,1,
첨예하게,1,
첩첩산중인,1,
청산된다.,1,
청산하게,1,
체결했다.,17,
체결했다고,56,
체결했다는,1,
체결했으나,1,
체결했으며,1,
초급매,1,
초기,37,
초기투자를,4,
촉진한다는,2,
촉진할,1,
최대,225,
최대주주,9,
최대주주인,6,
최대치를,1,
최소,49,
최소화할,15,
최악으로,1,
최악의,4,
최우선,14,
최적의,18,
최적화,3,
최적화했다.,1,
최초,103,
최초로,62,
추세,7,
추진,101,
추진됐다.,1,
출발했다.,3,
출발했지만,1,
출시되면,1,
출시될,2,
출시하겠다는,1,
출시하고,2,
출시하며,1,
출시할,1,
출시해,3,
출시했다.,12,
출시했다고,10,
충분하다고,4,
충분하다는,3,
충분하다며,1,
"충분하며,",1,
충족되어,5,
충족했다.,1,
취소,10,
취약점의,2,
취약하다는,1,
취약한,2,
취약함을,1,
취약했던,1,
취임하며,1,
취임했다.,2,
측면에서는,2,
침체하면서,1,
침체했던,1,
침해,2,
침해라며,1,
침해하는,3,
침해행위에도,1,
코스피가,29,
코스피는,20,
코스피시장,1,
코스피시장에,1,
코스피지수가,3,
코스피지수는,2,
탁월한,6,
통과하고,3,
통과한,6,
통과한다면,1,
통과할,2,
통과해,3,
통과했다.,1,
통과했다고,1,
통과했다는,1,
통보해,1,
통보했고,1,
통보했다.,2,
퇴사,2,
퇴사했다.,2,
퇴임한,2,
투명하게,2,
투자(빚투)를,1,
투자·관리하는,1,
투자심리,6,
투자심리가,12,
투자자들은,28,
투자지원금으로,1,
투자해왔다.,1,
투자했는데,1,
특판,4,
특허,1,
"특허사업""이라며",1,
특허에,2,
특허와,1,
특화,1,
특화된,10,
특히,144,
틀리니까,1,
파급효과가,2,
파급효과를,1,
파악됐다.,4,
파악됐다고,1,
파악되며,1,
판단해야,1,
판단했기,1,
"판단했다""며",1,
판단했다.,24,
팔아왔다.,1,
팔아치우는,2,
팔아치우며,1,
패가망신한다는,1,
편리하게,24,
평가했으며,1,
폐쇄하거나,1,
폐점되면서,1,
폐지하기로,5,
폐지한다고,1,
폐지할,1,
폐지했다.,2,
폐해는,4,
폐허가,4,
폭등을,1,
폭등한,2,
폭등할,1,
폭락,31,
폭락때와는,1,
폭락사태,1,
폭락사태가,6,
폭락사태로,1,
폭락사태와,1,
폭락사태의,2,
폭락하며,1,
폭락할,1,
"폭락했고,",1,
폭락했다.,2,
폭락했던,1,
폭이,32,
풀리면서,1,
품격,3,
품질,2,
피해,15,
하락했다.,12,
하락했다가,2,
하락했다는,1,
"하락했으며,",1,
하락했음에도,1,
하락했지만,1,
하한가,56,
하한가로,14,
하향이,6,
하향조정했다.,1,
하향하는,1,
하향했다.,4,
한계다.,1,
한국거래소,18,
한국거래소는,10,
한심한,1,
한정되는,1,
합격한,1,
합격했다.,3,
합류하기로,2,
합류하면서,3,
합류했다.,4,
합병된다.,1,
합병상장,1,
합병상장을,3,
합병에,1,
항소심,1,
항소심마저,1,
해결책은,1,
해결책을,1,
해소해,3,
해소했다고,3,
해소했다는,1,
해외금융기관에,1,
해외상장주식을,1,
해외주주는,1,
해외증권사를,2,
해외진출,1,
해외진출을,1,
해외채권을,2,
해외투자중개업자를,1,
해임하겠다고,1,
해임하는,2,
해프닝이,1,
핵심,71,
핵심기술인,2,
핵심역량인,1,
핵심은,7,
핵심이,2,
핵심이다.,4,
핵심적인,2,
했지만,8,
행보에,5,
행복가득,2,
행복과,1,
행복을,9,
행복한,12,
허가취소,1,
허가해달라며,1,
허술한,2,
허용되지,1,
허용된다.,7,
허용될,1,
허용됨으로,1,
허용을,1,
허용하겠다고,1,
허용한,1,
허위,1,
허위로,1,
허위사실,1,
혁신,16,
혁신과,10,
혁신금융,5,
혁신금융서비스로,1,
혁신금융의,1,
혁신기술에,1,
혁신기업인,1,
혁신성장,17,
혁신성장기업,5,
혁신으로,1,
혁신을,15,
혁신적이고,9,
혁신적인,8,
혁신창업기업,3,
혁신한다는,1,
현재주가가,1,
현재주가보다,1,
혈액부족,2,
혐의,37,
혐의가,4,
혐의는,2,
"협력하겠다""며",1,
협박’,1,
협상이,1,
협약,3,
협약을,17,
협업해,11,
협의,4,
형편,1,
혜택,8,
호소했다.,1,
호소했습니다.,1,
호평을,4,
혹평을,1,
혹한기를,1,
혼란,1,
혼란이,2,
확대·적용했다.,1,
확대·증권기관,1,
확대되면서,10,
확실한,11,
확인됐다.,16,
확인했다.,1,
활발하게,13,
활발하다.,1,
활발해졌다.,3,
활발해지면서,1,
"활발했지만,",1,
활성화되고,1,
활성화될,7,
활성화를,14,
활성화에,1,
활성화하는,1,
활성화하자는,1,
활약하는,2,
활약하며,1,
"회복됐다""고",1,
회복시켜,1,
회복시키는,1,
회복하고,1,
"회복했으나,",1,
회의였던,1,
회의적으로,2,
회피를,1,
회피하기,2,
회피하려,2,
회피할,2,
획기적으로,2,
획득,8,
횡령,12,
횡령한,1,
효과적인,5,
효능과,1,
효능이,1,
효력,11,
효율성이,10,
효율적인,11,
효익,1,
효자,1,
훨씬,12,
훼손,2,
훼손과,1,
"훼손됐으나,",1,
훼손되는,1,
흥행,4,
흥행몰이에,1,
흥행에,22,
흥행의,2,
희망을,3,
희망하는,16,
희박,1,
희박하다.,1,
희박해졌다는,2,
희소식은,1,
힘드니까,1,
힘든,5,
"힘들다""라고",1,
힘들다.,1,
"힘들지만,",1,
힘없는,2,
힘을,20,
힘이,6,
힘입어,26,
힘입은,1,
힘찬미래,1,
